new_family_index,old_family_index,family,level,family_num
0,0,Gadidae,4,2146184
1,1,Pleuronectidae,4,1574923
2,2,Clupeidae,3,788432
3,4,Triglidae,4,282479
4,5,Spionidae,2,256401
5,8,Bacillariaceae,1,187479
6,3,Globigerinidae,2,183997
7,7,Chaetocerotaceae,1,176839
8,9,Rhizosoleniaceae,1,159204
9,6,Globorotaliidae,2,139921
10,10,Soleidae,4,129138
11,12,Gymnodiniaceae,1,126332
12,13,Nephtyidae,2,124197
13,14,Callionymidae,3,119967
14,15,Tellinidae,2,115921
15,18,Capitellidae,2,109689
16,17,Scombridae,5,106239
17,11,Protoperidiniaceae,1,104079
18,20,Scyliorhinidae,5,98553
19,21,Rajidae,4,95299
20,23,Laridae,5,93300
21,19,Acartiidae,2,90847
22,22,Merlucciidae,5,87701
23,26,Phyllodocidae,2,86891
24,24,Temoridae,2,84036
25,25,Thalassiosiraceae,1,82304
26,16,Ceratiaceae,1,81426
27,28,Carangidae,4,80453
28,29,Nereididae,2,80401
29,27,Peridiniaceae,1,77841
30,30,Fragilariaceae,1,75329
31,33,Cirratulidae,2,73416
32,31,Scophthalmidae,4,73323
33,32,Prorocentraceae,1,72062
34,35,Semelidae,2,69938
35,38,Hydrobiidae,3,67233
36,40,Argentinidae,3,66941
37,37,Mytilidae,2,66409
38,41,Syllidae,2,65598
39,43,Lasaeidae,2,64948
40,42,Terebellidae,2,64798
41,44,Polynoidae,2,63409
42,45,Skeletonemaceae,1,62960
43,46,Orbiniidae,2,62925
44,36,Dinophysaceae,1,62308
45,39,Centropagidae,2,59000
46,34,Clausocalanidae,2,57582
47,47,Geminigeraceae,1,55983
48,48,Ophiuridae,2,53290
49,49,Leptocylindraceae,1,52360
50,50,Mysidae,2,50759
51,53,Amphiuridae,2,50074
52,55,Chironomidae,2,49488
53,54,Lotidae,4,49319
54,57,Corophiidae,2,47864
55,60,Glyceridae,2,46258
56,61,Myidae,2,45737
57,63,Ammodytidae,4,45649
58,64,Corbulidae,2,44562
59,66,Pholoidae,2,43484
60,59,Hemiaulaceae,1,42519
61,67,Cardiidae,2,42437
62,70,Ampharetidae,2,41626
63,69,Naididae,2,41571
64,68,Veneridae,2,41463
65,73,Heterocapsaceae,1,39831
66,74,Ampeliscidae,2,39659
67,71,Pyramimonadaceae,1,39352
68,75,Gobiidae,4,38430
69,51,Calanidae,2,36928
70,77,Bothidae,4,36629
71,78,Maldanidae,2,35847
72,80,Serpulidae,2,34642
73,85,Cottidae,3,33828
74,84,Oweniidae,2,33751
75,83,Pectinariidae,2,33560
76,86,Mactridae,2,33341
77,79,Polybiidae,3,33302
78,88,Paraonidae,2,32777
79,87,Loliginidae,4,32273
80,89,Pharidae,2,31955
81,92,Lumbrineridae,2,31749
82,95,Trachinidae,4,31120
83,82,Lithodesmiaceae,1,30899
84,94,Gammaridae,2,30700
85,96,Bathyporeiidae,2,30621
86,52,Oithonidae,2,30601
87,93,Diastylidae,2,30395
88,98,Nuculidae,2,30276
89,72,Coscinodiscaceae,1,30263
90,100,Phoronidae,2,30219
91,102,Magelonidae,2,30179
92,101,Muricidae,3,29934
93,99,Pontoporeiidae,2,29704
94,103,Agonidae,4,29595
95,81,Podonidae,2,29470
96,62,Globigerinitidae,2,29094
97,104,Lophiidae,5,28228
98,91,Triceratiaceae,1,27691
99,108,Scalibregmatidae,2,27656
100,105,Pleurosigmataceae,1,27576
101,90,Gonyaulacaceae,1,27262
102,107,Cyprinidae,2,27075
103,110,Percidae,4,26156
104,76,Paracalanidae,2,25469
105,109,Nephropidae,4,24714
106,116,Naviculaceae,1,24538
107,118,Eutreptiaceae,2,24244
108,117,Paguridae,3,23963
109,121,Chrysochromulinaceae,1,23868
110,115,Nostocaceae,1,23758
111,114,Dictyochaceae,1,23720
112,120,Rhodomelaceae,1,23525
113,123,Pedinellaceae,1,23321
114,122,Trichobranchidae,2,22632
115,125,Goniadidae,2,22450
116,127,Sebastidae,4,21383
117,126,Crangonidae,3,21233
118,128,Sabellidae,2,21017
119,131,Zoarcidae,4,20466
120,111,Cibicididae,2,20088
121,132,Balanidae,2,20072
122,119,Hauerinidae,2,19678
123,133,Ebriaceae,2,19662
124,113,Cassidulinidae,2,19464
125,134,Phaeocystaceae,1,19351
126,135,Thyasiridae,2,19139
127,137,Hesionidae,2,18766
128,141,Urothoidae,2,18458
129,142,Oedicerotidae,2,18307
130,138,Fucaceae,1,18178
131,143,Syngnathidae,2,18039
132,146,Alcidae,5,17898
133,145,Squalidae,5,17885
134,144,Flabelligeridae,2,17764
135,149,Merismopediaceae,1,17559
136,148,Buccinidae,3,17486
137,151,Licmophoraceae,1,17477
138,153,Opheliidae,2,17357
139,150,Loveniidae,2,17286
140,154,Golfingiidae,2,17200
141,147,Asteriidae,3,16789
142,155,Labridae,4,16664
143,158,Cladophoraceae,1,16558
144,157,Arcticidae,2,16350
145,161,Ostreopsidaceae,1,16340
146,162,Sigalionidae,2,16232
147,163,Aoridae,2,16116
148,164,Sertulariidae,3,16079
149,166,Amphidiniaceae,1,15769
150,139,Sparidae,4,15335
151,172,Electridae,2,15165
152,168,Ulvaceae,1,15161
153,169,Dinobryaceae,1,14965
154,176,Nassariidae,3,14780
155,140,Synchaetidae,2,14683
156,179,Eunicidae,2,14598
157,175,Cancridae,4,14498
158,160,Hemidiscaceae,1,14379
159,182,Ceramiaceae,1,14319
160,173,Bosminidae,2,14111
161,180,Idoteidae,2,14107
162,186,Caproidae,3,13903
163,156,Metridinidae,2,13891
164,181,Cladopyxidaceae,1,13855
165,183,Chaetiliidae,2,13797
166,188,Ommastrephidae,4,13788
167,185,Corallinaceae,1,13785
168,187,Fibulariidae,2,13733
169,194,Tateidae,2,13421
170,192,Naticidae,3,13394
171,189,Xyalidae,2,13076
172,193,Caprellidae,2,13050
173,190,Littorinidae,2,12963
174,184,Oncaeidae,2,12579
175,195,Oocystaceae,1,12401
176,203,Striatellaceae,1,12163
177,200,Rhaphoneidaceae,1,12042
178,106,Halocyprididae,2,11715
179,130,Noelaerhabdaceae,1,11656
180,201,Melosiraceae,1,11646
181,207,Phoxocephalidae,2,11640
182,197,Carcinidae,4,11617
183,204,Halicryptidae,2,11535
184,56,Balaenopteridae,5,11442
185,196,Lauderiaceae,1,11402
186,210,Trochidae,2,11277
187,159,Uvigerinidae,2,11151
188,216,Brachidiniaceae,1,10986
189,217,Thraciidae,2,10913
190,218,Sabellariidae,2,10904
191,206,Biddulphiaceae,1,10901
192,221,Dorvilleidae,2,10780
193,215,Styelidae,2,10779
194,209,Thalassionemataceae,1,10562
195,178,Anguillidae,4,10561
196,222,Porcellanidae,3,10466
197,223,Arenicolidae,2,10422
198,167,Bolivinitidae,2,10421
199,227,Leuconidae,2,10413
200,220,Stephanodiscaceae,1,10333
201,230,Poecilochaetidae,2,10272
202,224,Rissoidae,2,10236
203,226,Delesseriaceae,1,10233
204,231,Atylidae,2,10192
205,174,Pulleniidae,2,10095
206,177,Alabaminidae,2,10059
207,199,Zeidae,5,9957
208,211,Mullidae,4,9899
209,225,Engraulidae,3,9535
210,212,Chromadoridae,2,9498
211,244,Escharellidae,2,9291
212,243,Bodotriidae,2,9259
213,191,Buliminidae,2,9233
214,241,Janiridae,2,9218
215,152,Sagittidae,3,9147
216,219,Campanulariidae,3,9126
217,205,Ellipsolagenidae,2,9099
218,229,Corycaeidae,2,9041
219,247,Edwardsiidae,2,9038
220,249,Plagiogrammaceae,1,8989
221,246,Synechococcaceae,1,8968
222,251,Osmeridae,4,8768
223,254,Leptochitonidae,2,8727
224,252,Cryptomonadaceae,1,8696
225,253,Phyllophoraceae,1,8642
226,256,Philinidae,3,8589
227,255,Galatheidae,3,8541
228,238,Astartidae,2,8252
229,233,Oxyphysaceae,1,8226
230,259,Stichaeidae,3,8167
231,248,Inachidae,3,8061
232,258,Pandalidae,3,8054
233,262,Photidae,2,8004
234,236,Melonidae,2,7992
235,264,Cylichnidae,3,7936
236,267,Bitectiporidae,2,7824
237,260,Pectinidae,2,7760
238,234,Euphausiidae,2,7693
239,213,Gavelinellidae,2,7623
240,270,Retusidae,3,7558
241,272,Myctophidae,3,7457
242,275,Maeridae,2,7318
243,274,Zosteraceae,1,7299
244,242,Noctilucaceae,1,7261
245,240,Pseudoparrellidae,2,7236
246,278,Alcyonidiidae,2,7196
247,281,Unciolidae,2,7005
248,279,Cirolanidae,2,6976
249,280,Calyptraeidae,2,6899
250,284,Gomphosphaeriaceae,1,6829
251,198,Pulleniatinidae,2,6803
252,285,Donacidae,2,6665
253,287,Melinnidae,2,6598
254,271,Desmodoridae,2,6596
255,273,Elphidiidae,2,6593
256,237,Eggerellidae,2,6516
257,269,Euchaetidae,2,6499
258,290,Gigartinaceae,1,6484
259,288,Actiniidae,3,6433
260,295,Diogenidae,3,6390
261,294,Diploneidaceae,1,6388
262,293,Sternoptychidae,3,6387
263,297,Aphroditidae,2,6333
264,228,Oikopleuridae,2,6329
265,261,Ectinosomatidae,2,6294
266,299,Parechinidae,2,6290
267,301,Gloeotilaceae,1,6288
268,298,Cyclopteridae,4,6230
269,265,Brachionidae,2,6215
270,303,Cymatosiraceae,1,6179
271,250,Globoquadrinidae,2,6155
272,291,Pseudocumatidae,2,6133
273,302,Phycidae,4,6123
274,307,Sacconemertidae,2,6111
275,305,Synaptidae,2,6104
276,214,Serranidae,5,6066
277,310,Alcyoniidae,3,6044
278,309,Onuphidae,2,6003
279,314,Flustridae,2,5908
280,312,Anthuridae,2,5904
281,308,Pentanchidae,5,5903
282,316,Scenedesmaceae,1,5895
283,304,Microlaimidae,2,5835
284,318,Furcellariaceae,1,5827
285,296,Oxytoxaceae,1,5810
286,319,Cheirocratidae,2,5809
287,306,Comesomatidae,2,5783
288,313,Laminariaceae,1,5758
289,292,Chordariaceae,1,5729
290,320,Patellidae,2,5684
291,315,Ascidiidae,2,5669
292,321,Trochochaetidae,2,5616
293,322,Melitidae,2,5609
294,276,Nodosariidae,2,5541
295,325,Ischyroceridae,2,5495
296,328,Myxinidae,5,5431
297,300,Fritillariidae,2,5373
298,334,Iravadiidae,2,5325
299,327,Acinetosporaceae,1,5296
300,333,Euglenaceae,2,5275
301,338,Bugulidae,2,5218
302,332,Ophiotrichidae,2,5172
303,340,Tryphosidae,2,5162
304,339,Fabriciidae,2,5146
305,341,Triakidae,5,5124
306,348,Plumulariidae,3,5023
307,345,Dictyotaceae,1,5013
308,346,Psammobiidae,2,4993
309,232,Calcidiscaceae,1,4990
310,349,Potamogetonaceae,1,4982
311,257,Truncorotaloididae,2,4971
312,347,Anomiidae,2,4944
313,337,Macrouridae,4,4938
314,355,Sphaerodoridae,2,4910
315,283,Vaginulinidae,2,4856
316,360,Cocconeidaceae,1,4814
317,362,Celleporidae,2,4811
318,343,Congridae,5,4807
319,350,Sargassaceae,1,4803
320,354,Upogebiidae,3,4799
321,330,Cyatholaimidae,2,4771
322,365,Leucothoidae,2,4771
323,286,Cancrisidae,2,4770
324,364,Sphacelariaceae,1,4712
325,245,Catapsydracidae,2,4693
326,363,Cerianthidae,3,4685
327,366,Gnathiidae,2,4628
328,368,Astropectinidae,4,4533
329,370,Vesiculariidae,2,4498
330,342,Scorpaenidae,5,4455
331,373,Lucinidae,2,4426
332,371,Sepiolidae,4,4354
333,377,Tubulanidae,2,4320
334,376,Calloporidae,2,4308
335,372,Cytheruridae,2,4301
336,170,Physeteridae,5,4292
337,359,Leucosiidae,3,4291
338,374,Turritellidae,2,4271
339,353,Candaciidae,2,4245
340,357,Aetideidae,2,4229
341,378,Callianassidae,3,4199
342,382,Glycymerididae,2,4165
343,384,Chattonellaceae,1,4082
344,381,Echinidae,2,3965
345,389,Lichenoporidae,2,3955
346,392,Leptolyngbyaceae,1,3909
347,235,Codonellidae,2,3897
348,391,Crisiidae,2,3876
349,395,Miraciidae,2,3859
350,208,Salmonidae,4,3859
351,383,Linhomoeidae,2,3856
352,399,Lineidae,2,3748
353,403,Amphinomidae,2,3742
354,394,Lithothamniaceae,1,3735
355,408,Chaetodermatidae,3,3687
356,402,Halichondriidae,2,3678
357,367,Tachidiidae,2,3658
358,380,Calliopiidae,2,3658
359,407,Axonolaimidae,2,3647
360,400,Eledonidae,5,3635
361,324,Nonionidae,2,3630
362,386,Corystidae,4,3619
363,412,Thiidae,3,3593
364,405,Chlamydomonadaceae,1,3582
365,396,Scolecitrichidae,2,3575
366,406,Hiatellidae,2,3567
367,418,Tubuliporidae,2,3535
368,414,Processidae,3,3514
369,409,Oncholaimidae,2,3485
370,423,Cytherideidae,2,3449
371,421,Gelidiaceae,1,3448
372,335,Coccolithaceae,1,3419
373,356,Sepiidae,5,3416
374,416,Enchytraeidae,2,3405
375,426,Entomoneidaceae,1,3395
376,429,Polygordiidae,2,3377
377,431,Verrucidae,2,3358
378,344,Stilostomellidae,2,3316
379,425,Heliopeltaceae,1,3305
380,427,Sagartiidae,2,3299
381,358,Hyalodiscaceae,1,3288
382,311,Trochamminidae,2,3287
383,432,Lymnaeidae,2,3266
384,393,Caryophylliidae,3,3241
385,361,Textulariidae,2,3221
386,434,Branchiostomatidae,2,3175
387,438,Chromulinaceae,1,3174
388,441,Limidae,2,3124
389,442,Liparidae,4,3120
390,398,Eponididae,2,3104
391,447,Selenastraceae,1,3091
392,440,Anarhichadidae,4,3063
393,443,Archaeobalanidae,2,3059
394,417,Majidae,3,3057
395,444,Pyramidellidae,3,3055
396,323,Ammosphaeroidinidae,2,3054
397,415,Delphinidae,5,3020
398,450,Megaluropidae,2,3016
399,452,Hippothoidae,2,3008
400,456,Phoxichilidiidae,3,3001
401,459,Chorizoporidae,2,2995
402,454,Candidae,2,2991
403,455,Clionaidae,2,2986
404,460,Haleciidae,3,2968
405,329,Helicosphaeraceae,1,2959
406,461,Chthamalidae,2,2957
407,410,Pterospermataceae,1,2948
408,463,Ammotheidae,3,2948
409,446,Phocoenidae,5,2939
410,448,Stenothoidae,2,2933
411,387,Tintinnidae,2,2910
412,436,Oxystominidae,2,2881
413,430,Thoracosphaeraceae,1,2858
414,464,Hydrodictyaceae,1,2834
415,468,Chaetopteridae,2,2822
416,458,Sphaeromatidae,2,2811
417,439,Peridiniida incertae sedis,1,2792
418,390,Octopodidae,4,2772
419,466,Lucicutiidae,2,2755
420,476,Bryocryptellidae,2,2743
421,474,Hildenbrandiaceae,1,2688
422,479,Nymphonidae,3,2674
423,480,Plocamiaceae,1,2664
424,481,Didemnidae,2,2663
425,413,Pleurostomellidae,2,2658
426,475,Thoracostomopsidae,2,2655
427,462,Daphniidae,2,2638
428,326,Reophacidae,2,2633
429,449,Esocidae,4,2633
430,487,Plagioeciidae,2,2623
431,471,Priapulidae,2,2616
432,482,Stomiidae,5,2608
433,420,Astrononionidae,3,2578
434,484,Cystocloniaceae,1,2558
435,490,Catenulaceae,1,2556
436,495,Microporellidae,2,2548
437,478,Callithamniaceae,1,2540
438,437,Trachyleberididae,2,2534
439,492,Lomentariaceae,1,2532
440,428,Rosalinidae,2,2530
441,499,Bonnemaisoniaceae,1,2528
442,498,Lysianassidae,2,2521
443,500,Smittinidae,2,2521
444,502,Lithophyllaceae,1,2474
445,505,Etmopteridae,5,2453
446,507,Chimaeridae,4,2444
447,369,Syracosphaeraceae,1,2435
448,504,Molgulidae,2,2431
449,486,Ectocarpaceae,1,2417
450,470,Globobuliminidae,2,2415
451,317,Hedbergellidae,2,2409
452,469,Corethraceae,1,2405
453,511,Brissidae,2,2403
454,508,Blenniidae,3,2392
455,515,Pyrenomonadaceae,1,2376
456,513,Munididae,3,2374
457,411,Discorbinellidae,2,2362
458,514,Amphipleuraceae,1,2361
459,491,Gasterosteidae,3,2361
460,497,Pilumnidae,3,2353
461,496,Selachinematidae,2,2342
462,517,Chordaceae,1,2320
463,519,Elminiidae,2,2299
464,522,Pilargidae,2,2296
465,518,Luidiidae,4,2265
466,527,Cribrilinidae,2,2234
467,523,Polyclinidae,2,2231
468,524,Pyuridae,2,2225
469,525,Achnanthaceae,1,2204
470,531,Cerithiidae,2,2202
471,509,Cucumariidae,2,2193
472,521,Leptolaimidae,2,2190
473,404,Epistomariidae,2,2186
474,397,Pleurobrachiidae,3,2184
475,529,Wrangeliaceae,1,2178
476,530,Oenonidae,2,2175
477,528,Calliostomatidae,2,2166
478,506,Rhopalodiaceae,1,2146
479,540,Pholidae,4,2140
480,483,Ostreidae,2,2137
481,544,Microphthalmidae,2,2132
482,533,Thoridae,3,2111
483,539,Dentaliidae,2,2103
484,547,Verrucariaceae,2,2102
485,543,Echinasteridae,4,2074
486,535,Pinnulariaceae,1,2066
487,549,Amphilochidae,2,2054
488,548,Solasteridae,4,2043
489,520,Palaemonidae,3,2037
490,445,Sphaeroidinidae,2,2034
491,453,Pyrophacaceae,1,2033
492,553,Microcystaceae,1,2029
493,551,Cepolidae,3,2012
494,550,Kallymeniaceae,1,1987
495,552,Dexaminidae,2,1977
496,501,Polymorphinidae,2,1949
497,560,Paramesochridae,2,1945
498,532,Bangiaceae,1,1943
499,385,Anomalinidae,2,1931
500,564,Adeonidae,2,1914
501,546,Stephanopyxidaceae,1,1891
502,562,Caulacanthaceae,1,1877
503,565,Geodiidae,2,1869
504,563,Nuculanidae,2,1864
505,485,Oregoniidae,3,1835
506,556,Eucalanidae,2,1825
507,570,Sertularellidae,3,1822
508,573,Microprotopidae,2,1819
509,571,Dasyaceae,1,1816
510,575,Tanaopsidae,2,1808
511,558,Palmariaceae,1,1791
512,572,Aporrhaidae,2,1786
513,538,Epistominidae,2,1784
514,579,Cellariidae,2,1779
515,555,Tubulariidae,3,1773
516,457,Ammodiscidae,2,1764
517,510,Turrilinidae,2,1755
518,526,Diphyidae,3,1736
519,465,Rhabdamminidae,2,1732
520,574,Moridae,4,1727
521,581,Pasiphaeidae,3,1723
522,577,Surirellaceae,1,1722
523,585,Atelecyclidae,3,1707
524,567,Muraenidae,5,1703
525,588,Apseudidae,2,1695
526,586,Trichohyalidae,2,1688
527,582,Onchidorididae,2,1684
528,584,Sergestidae,3,1666
529,595,Hormathiidae,2,1647
530,136,Palinuridae,4,1641
531,596,Lestrigonidae,2,1637
532,435,Limacinidae,3,1636
533,606,Leptastacidae,2,1620
534,587,Sididae,2,1607
535,590,Doliolidae,2,1590
536,598,Alpheidae,3,1589
537,489,Candeinidae,2,1588
538,554,Moronidae,4,1588
539,602,Travisiidae,2,1577
540,614,Eriopisidae,2,1574
541,615,Callipallenidae,3,1571
542,600,Hippolytidae,3,1566
543,601,Arcidae,2,1563
544,512,Spiroplectamminidae,2,1538
545,597,Antedonidae,2,1531
546,618,Epizoanthidae,3,1530
547,559,Desmoscolecidae,2,1509
548,623,Rhodymeniaceae,1,1504
549,576,Peltidiidae,2,1503
550,594,Stainforthiidae,2,1501
551,451,Saccamminidae,2,1500
552,622,Yoldiidae,2,1494
553,473,Pyrocystaceae,1,1465
554,609,Heterorhabdidae,2,1448
555,624,Dumontiaceae,1,1443
556,607,Sapphirinidae,2,1442
557,599,Astrorhizidae,2,1441
558,629,Eulimidae,3,1425
559,580,Metacylididae,2,1421
560,604,Protodiniferaceae,1,1413
561,331,Globotruncanidae,2,1410
562,388,Hyperiidae,2,1407
563,621,Goneplacidae,3,1406
564,591,Lagenidae,2,1394
565,636,Uristidae,2,1392
566,638,Cletodidae,2,1388
567,635,Mangeliidae,3,1385
568,637,Pedicellinidae,2,1384
569,643,Chlorellaceae,1,1370
570,639,Phyllophoridae,2,1356
571,583,Chilostomellidae,2,1355
572,616,Camacolaimidae,2,1348
573,642,Sycettidae,2,1347
574,647,Eucrateidae,2,1346
575,561,Haplophragmoididae,2,1344
576,630,Krithidae,2,1342
577,645,Lampropidae,2,1328
578,541,Tomopteridae,2,1324
579,654,Virgulariidae,3,1322
580,650,Suberitidae,2,1320
581,652,Campanulinidae,3,1314
582,611,Monhysteridae,2,1312
583,644,Fissurellidae,2,1312
584,653,Dulichiidae,2,1312
585,656,Trichiuridae,4,1310
586,626,Xanthidae,3,1310
587,659,Poraniidae,3,1287
588,660,Cladostephaceae,1,1275
589,657,Dermochelyidae,4,1253
590,668,Kapelodiniaceae,2,1240
591,632,Augaptilidae,2,1237
592,666,Codiaceae,1,1233
593,592,Hastigerinidae,2,1229
594,664,Axiidae,3,1228
595,667,Nebaliidae,3,1224
596,658,Stypocaulaceae,1,1220
597,671,Rhodothamniellaceae,1,1206
598,670,Lepidochitonidae,2,1195
599,679,Metridiidae,2,1173
600,683,Apistobranchidae,2,1167
601,674,Cionidae,2,1161
602,682,Oscillatoriaceae,1,1156
603,680,Phyllariaceae,1,1156
604,676,Ulmaridae,3,1154
605,687,Ungulinidae,2,1152
606,640,Diplopeltidae,2,1151
607,665,Spatangidae,2,1151
608,649,Cheloniidae,3,1149
609,686,Phialellidae,3,1140
610,689,Hemiselmidaceae,1,1140
611,690,Acrocirridae,2,1136
612,675,Sphaerolaimidae,2,1125
613,693,Cynoglossidae,4,1116
614,678,Hydractiniidae,3,1115
615,695,Rhoicospheniaceae,1,1106
616,684,Philomedidae,2,1103
617,685,Argissidae,2,1102
618,681,Desmarestiaceae,1,1088
619,704,Chroococcaceae,1,1080
620,696,Gonostomatidae,4,1077
621,503,Pontellidae,2,1075
622,705,Ophiotomidae,2,1073
623,351,Heterohelicidae,2,1071
624,662,Ceramonematidae,2,1050
625,711,Phronimidae,2,1041
626,568,Hormosinellidae,2,1032
627,712,Cossuridae,2,1029
628,706,Nannastacidae,2,1022
629,710,Aspidosiphonidae,2,1020
630,713,Vibiliidae,2,999
631,717,Dreissenidae,2,997
632,721,Stauroneidaceae,1,997
633,725,Tripyloididae,2,997
634,714,Gobiesocidae,3,994
635,722,Phrosinidae,2,989
636,634,Belonidae,5,986
637,516,Ptychocylididae,2,978
638,718,Solenoceridae,3,973
639,720,Limapontiidae,3,973
640,699,Planorbulinidae,2,971
641,702,Penaeidae,3,969
642,730,Schizoporellidae,2,967
643,733,Escharinidae,2,965
644,734,Champiaceae,1,947
645,694,Dasyatidae,5,945
646,737,Leucosoleniidae,2,944
647,745,Caecidae,2,939
648,743,Ameiridae,2,937
649,744,Haustoriidae,2,931
650,701,Pomacentridae,3,921
651,677,Buliminellidae,2,918
652,715,Ralfsiaceae,1,913
653,739,Chalinidae,2,911
654,748,Gracilariaceae,1,910
655,751,Clavelinidae,2,903
656,700,Haynesinidae,2,902
657,703,Planulinidae,2,895
658,750,Laophontidae,2,892
659,488,Mugilidae,2,890
660,759,Acteonidae,3,885
661,763,Aulacoseiraceae,1,877
662,756,Dysideidae,2,874
663,762,Cuspidariidae,3,872
664,753,Scaphandridae,3,869
665,726,Acrochaetiaceae,1,862
666,738,Bougainvilliidae,3,862
667,741,Sphyraenidae,5,860
668,770,Axinellidae,2,859
669,655,Quadrimorphinidae,2,856
670,778,Periplomatidae,2,856
671,771,Oxycephalidae,2,854
672,777,Oncousoeciidae,2,853
673,764,Phocidae,5,851
674,767,Aglaopheniidae,3,850
675,780,Schizorhynchidae,2,845
676,775,Echiuridae,2,844
677,784,Kareniaceae,1,843
678,769,Lovenellidae,3,840
679,773,Himanthaliaceae,1,839
680,791,Sphaeriidae,2,831
681,783,Ophichthidae,4,829
682,794,Nephroselmidaceae,1,828
683,789,Lottiidae,2,815
684,787,Ruppiaceae,1,812
685,802,Ceratopogonidae,2,810
686,673,Rhizamminidae,2,805
687,800,Esperiopsidae,2,803
688,774,Holothuriidae,2,803
689,793,Leptocheliidae,2,802
690,782,Uranoscopidae,5,801
691,534,Aristeidae,4,801
692,766,Trefusiidae,2,800
693,799,Eudendriidae,3,800
694,796,Centriscidae,4,799
695,752,Halcampidae,2,796
696,760,Balistidae,4,794
697,804,Stichasteridae,4,792
698,805,Liljeborgiidae,2,783
699,806,Diaixidae,2,781
700,746,Myliobatidae,5,779
701,779,Pholadidae,2,774
702,808,Arcturidae,2,770
703,698,Glandulonodosariidae,2,769
704,669,Cyclamminidae,2,768
705,810,Aequoreidae,3,767
706,672,Bellerocheaceae,1,765
707,809,Membraniporidae,2,765
708,557,Codonellopsidae,2,747
709,768,Calyptrosphaeraceae,1,747
710,813,Paralepididae,5,746
711,797,Neotonchidae,2,743
712,612,Hyperamminidae,2,737
713,818,Eupronoidae,2,736
714,566,Chiloguembelinidae,2,732
715,723,Salpidae,2,729
716,819,Canuellidae,2,727
717,494,Sciaenidae,4,721
718,831,Epigonidae,4,715
719,825,Hymedesmiidae,2,714
720,832,Diaphanidae,2,707
721,826,Cyartonematidae,2,700
722,755,Scytosiphonaceae,1,693
723,838,Acidostomatidae,2,688
724,786,Longipediidae,2,688
725,742,Prolixoplectidae,2,688
726,833,Aeteidae,2,687
727,824,Melamphaidae,3,687
728,834,Pennatulidae,3,685
729,830,Ampithoidae,2,674
730,847,Centrophoridae,5,669
731,493,Globigerinelloididae,2,669
732,839,Molidae,4,667
733,837,Bryopsidaceae,1,661
734,815,Bythocytheridae,2,660
735,728,Corynidae,3,658
736,844,Exochellidae,2,654
737,846,Plexauridae,3,651
738,816,Pomacanthidae,3,650
739,790,Squillidae,2,645
740,860,Lyonsiidae,2,635
741,732,Rhincalanidae,2,632
742,827,Acanthephyridae,3,630
743,856,Peyssonneliaceae,1,629
744,781,Chrysalogoniidae,2,625
745,867,Ophiactidae,2,617
746,692,Ammoniidae,2,617
747,823,Epialtidae,3,615
748,842,Polyceridae,2,614
749,868,Epitoniidae,3,605
750,876,Nolellidae,2,605
751,878,Lycaeidae,2,604
752,869,Protodriloididae,2,603
753,874,Tethyidae,2,602
754,871,Tubolaimoididae,2,601
755,877,Raspailiidae,2,601
756,863,Asterinidae,2,601
757,884,Platytroctidae,3,598
758,886,Canthocamptidae,2,595
759,788,Pontocyprididae,2,594
760,889,Carapidae,3,594
761,855,Portunidae,4,593
762,792,Beroidae,3,592
763,754,Carcharhinidae,5,592
764,892,Tanaissuidae,2,588
765,729,Adercotrymidae,2,584
766,843,Spiroloculinidae,2,582
767,887,Zygnemataceae,1,580
768,883,Monoposthiidae,2,577
769,893,Luciferidae,3,575
770,899,Aegisthidae,2,574
771,875,Eusiridae,2,573
772,881,Scinidae,2,567
773,885,Grantiidae,2,567
774,835,Robertinidae,2,565
775,731,Actiniscaceae,1,565
776,857,Ophidiidae,5,563
777,902,Scrupariidae,2,561
778,910,Lichinaceae,1,560
779,852,Enchelidiidae,2,560
780,894,Acanthochitonidae,2,558
781,772,Podolampadaceae,1,554
782,903,Protodrilidae,2,551
783,850,Geryonidae,5,550
784,862,Loxoconchidae,2,544
785,905,Solmundaeginidae,3,542
786,909,Lithodermataceae,1,542
787,758,Glandulinidae,2,542
788,873,Chaetodontidae,4,541
789,879,Alariaceae,1,539
790,724,Ulotrichaceae,1,536
791,891,Tritoniidae,2,534
792,907,Polymastiidae,2,533
793,904,Triviidae,3,531
794,719,Verneuilinidae,2,529
795,870,Alepocephalidae,4,529
796,828,Bolivinellidae,2,525
797,922,Cruoriaceae,1,517
798,919,Kirchenpaueriidae,3,511
799,915,Mormonillidae,2,506
800,897,Mesophyllaceae,1,501
801,930,Polycopidae,2,501
802,848,Harpacticidae,2,489
803,937,Cylindropsyllidae,2,488
804,898,Miliamminidae,2,486
805,931,Tosaiidae,2,483
806,943,Spirulinaceae,1,479
807,925,Ceratobuliminidae,2,479
808,938,Lafoeidae,3,477
809,927,Ahnfeltiaceae,1,472
810,840,Pinnotheridae,3,471
811,920,Ophiopholidae,2,470
812,948,Gorgoniidae,2,470
813,896,Scaridae,3,470
814,900,Cordylophoridae,3,468
815,946,Stelligeridae,2,468
816,845,Cassigerinellidae,2,462
817,953,Cutleriaceae,1,454
818,708,Psammosphaeridae,2,452
819,935,Dotidae,2,450
820,913,Ellipsoidinidae,2,450
821,895,Cornuspiridae,2,449
822,955,Paraphronimidae,2,448
823,736,Cypridinidae,2,447
824,888,Plectofrondiculariidae,2,445
825,962,Coelogynoporidae,2,442
826,923,Hippocrepinidae,2,442
827,865,Pandeidae,3,441
828,949,Dorididae,2,441
829,952,Abylidae,3,438
830,663,Rhopalonematidae,3,437
831,941,Piscicolidae,2,436
832,957,Spinocalanidae,2,430
833,947,Akeridae,2,430
834,936,Rhabdonemataceae,1,429
835,958,Myxillidae,2,429
836,934,Tetraodontidae,4,428
837,961,Phasianellidae,2,427
838,841,Siphogenerinoididae,2,427
839,849,Atherinidae,2,422
840,801,Epsilonematidae,2,422
841,974,Tonicellidae,2,420
842,880,Oculinidae,2,417
843,964,Thaerocytheridae,2,416
844,975,Platyscelidae,2,414
845,954,Torpedinidae,5,413
846,716,Hormosinidae,2,413
847,982,Phaeodactylaceae,1,412
848,980,Corallimorphidae,3,412
849,976,Anoplostomatidae,2,412
850,932,Aegialoalaimidae,2,410
851,983,Cassidae,3,410
852,970,Halacaridae,3,405
853,969,Subeucalanidae,2,404
854,987,Flustrellidridae,2,402
855,593,Lituolidae,2,398
856,989,Benthesicymidae,4,398
857,984,Creseidae,2,395
858,959,Goniodorididae,3,394
859,747,Guembelitriidae,2,389
860,978,Gammarellidae,2,387
861,990,Pycnogonidae,3,385
862,851,Actinommidae,2,385
863,761,Lutjanidae,4,384
864,1011,Trichocercidae,2,376
865,1003,Polyidaceae,1,375
866,613,Rugoglobigerinidae,2,374
867,1016,Sphaerococcaceae,1,371
868,872,Smirnovipinidae,2,369
869,1023,Nuuanuidae,2,367
870,1012,Microcionidae,2,366
871,1013,Varunidae,3,365
872,1020,Neanuridae,2,363
873,1030,Poaceae,1,362
874,971,Talitridae,2,359
875,945,Coryphaenidae,5,358
876,1010,Corellidae,2,357
877,985,Rhabdonellidae,2,356
878,1018,Sipunculidae,2,355
879,1041,Scolopacidae,4,349
880,911,Corymorphidae,3,348
881,1035,Petromyzontidae,5,343
882,1042,Closteriaceae,1,341
883,914,Leptocytheridae,2,338
884,1034,Munnidae,2,337
885,1046,Tanaididae,2,336
886,1043,Serrivomeridae,4,336
887,1055,Parazoanthidae,3,334
888,994,Undellidae,2,334
889,1045,Rhabdodemaniidae,2,334
890,1050,Bathylagidae,4,331
891,1044,Synuraceae,1,330
892,1053,Codonosigaceae,2,327
893,1027,Phosichthyidae,3,327
894,1019,Raphitomidae,3,325
895,1060,Propeamussiidae,3,324
896,1007,Candonidae,2,324
897,963,Kofoidiniaceae,1,322
898,918,Asterolampraceae,1,320
899,1065,Halopterididae,3,319
900,757,Calciosoleniaceae,1,319
901,967,Ebriopsidaceae,2,319
902,1062,Hapalidiaceae,1,319
903,940,Theoperidae,2,317
904,1037,Glabratellidae,2,315
905,1024,Homolidae,3,314
906,697,Haemulidae,4,314
907,1056,Synodontidae,5,313
908,1072,Isaeidae,2,312
909,1067,Dorippidae,3,311
910,1068,Perophoridae,2,309
911,1069,Lycaeopsidae,2,308
912,1022,Thalestridae,2,307
913,1074,Paratanaoidea incertae sedis,2,305
914,1073,Pinnidae,2,305
915,861,Goniodomataceae,1,302
916,1077,Otoplanidae,2,302
917,1079,Chrysomelidae,2,297
918,1061,Aplysiidae,3,296
919,1083,Halymeniaceae,1,294
920,933,Loxostomatidae,2,291
921,1028,Lituotubidae,2,290
922,1089,Acoetidae,2,289
923,477,Xystonellidae,2,289
924,1059,Ophthalmidiidae,2,289
925,1085,Pandoridae,2,288
926,1081,Dendronotidae,3,285
927,1014,Eouvigerinidae,2,283
928,977,Cytherellidae,2,282
929,1088,Clathrinidae,2,275
930,966,Discorbidae,2,273
931,1097,Lubbockiidae,2,272
932,1109,Eucytheridae,2,270
933,1098,Apogonidae,4,269
934,1112,Cymbellaceae,1,268
935,1114,Chiasmodontidae,4,268
936,1106,Leptodoridae,2,268
937,1033,Velutinidae,3,266
938,1119,Diazonidae,2,265
939,1108,Mastogloiaceae,1,264
940,1021,Mitrocomidae,3,264
941,1104,Ataxophragmiidae,2,261
942,1001,Patellinidae,2,261
943,1128,Entalinidae,2,260
944,1004,Anticomidae,2,260
945,1093,Ostraciidae,4,258
946,1131,Dolichomacrostomidae,2,256
947,807,Plagiacanthidae,2,255
948,1107,Siphonolaimidae,2,254
949,1111,Flabellinidae,2,253
950,995,Spirillinidae,2,253
951,1039,Bolivinoididae,2,247
952,1082,Facelinidae,3,247
953,1005,Hantkeninidae,2,245
954,1140,Callochitonidae,2,241
955,1145,Triticellidae,2,240
956,1084,Bairdiidae,2,240
957,1121,Munnopsidae,2,240
958,1120,Globorotalitidae,2,239
959,1015,Primnoidae,3,238
960,1155,Margaritidae,2,236
961,1156,Basterotiidae,2,235
962,1017,Kornmanniaceae,1,234
963,1115,Cavoliniidae,3,233
964,1141,Nemaliaceae,1,233
965,921,Dictyocystidae,2,231
966,1142,Monocelididae,2,230
967,1149,Nemichthyidae,4,227
968,1100,Bolivinidae,2,226
969,1169,Cicerinidae,2,226
970,1099,Asterigerinatidae,2,226
971,1130,Bramidae,5,226
972,882,Miliolidae,2,224
973,1154,Tetrastemmatidae,2,224
974,1175,Phacaceae,2,224
975,1118,Reussellidae,2,222
976,1166,Cheliplanidae,2,220
977,1087,Caucasinidae,2,219
978,1168,Hydrolithaceae,1,217
979,1151,Heliconoididae,1,216
980,1167,Tripterygiidae,3,214
981,1136,Rzehakinidae,2,214
982,1159,Holocentridae,4,213
983,1189,Tornidae,2,211
984,1132,Astasiaceae,2,210
985,1049,Bonelliidae,2,209
986,1152,Diplopeltoididae,2,209
987,1192,Centrolophidae,4,207
988,1191,Embletoniidae,3,207
989,942,Tintinnidiidae,2,205
990,1203,Ischnochitonidae,2,204
991,1178,Rhizostomatidae,3,203
992,1071,Hemicytheridae,2,202
993,1125,Pyrosomatidae,2,202
994,1113,Solenidae,2,202
995,1200,Dactylopteridae,4,201
996,1008,Caligidae,3,200
997,1123,Collozoidae,2,199
998,1208,Ramalinaceae,2,198
999,1110,Pseudogaudryinidae,2,198
1000,1212,Sporochnaceae,1,192
1001,854,Deflandreaceae,1,192
1002,1135,Bolinopsidae,3,189
1003,1162,Dendrophylliidae,3,189
1004,1196,Ginglymostomatidae,5,187
1005,1223,Retronectidae,2,186
1006,1187,Erythrotrichiaceae,1,185
1007,1177,Rotaliporidae,2,185
1008,1054,Amphisoleniaceae,1,185
1009,1220,Rhizotrichidae,2,184
1010,1139,Siphoninidae,2,182
1011,1164,Stylasteridae,3,182
1012,1219,Cryptosulidae,2,182
1013,1233,Leptopontiidae,2,176
1014,960,Ceratocoryaceae,1,176
1015,1186,Eubranchidae,3,176
1016,1040,Agalmatidae,3,175
1017,1157,Ironidae,2,175
1018,1221,Ligiidae,2,175
1019,1199,Cyaneidae,3,175
1020,1144,Eirenidae,3,173
1021,1230,Brachyscelidae,2,169
1022,1250,Elakatotrichaceae,1,165
1023,1231,Endeidae,3,163
1024,1232,Phascolosomatidae,2,163
1025,1257,Xenophoridae,2,163
1026,1190,Aeolidiidae,2,163
1027,992,Xiphiidae,5,162
1028,1254,Noetiidae,2,161
1029,1180,Trinchesiidae,3,159
1030,1238,Capulidae,2,159
1031,1264,Skeneidae,3,159
1032,1270,Pterocladiaceae,1,156
1033,1268,Scinaiaceae,1,156
1034,1031,Cyttarocylididae,2,156
1035,1271,Spyridiaceae,1,155
1036,1225,Diodontidae,4,153
1037,1227,Cetorhinidae,5,153
1038,1241,Laomediidae,3,152
1039,1272,Umbonulidae,2,152
1040,1051,Clionidae,2,149
1041,1289,Charadriidae,4,143
1042,1292,Nubeculariidae,2,143
1043,1300,Paulinellideae,2,141
1044,352,Monacanthidae,3,139
1045,1304,Cancellariidae,3,137
1046,1288,Parthenopidae,3,137
1047,1299,Lepetidae,2,137
1048,1261,Reophacellidae,2,136
1049,999,Aulacodiscaceae,1,132
1050,1184,Prasiolaceae,1,132
1051,1274,Xestoleberididae,2,131
1052,1240,Ellisellidae,3,131
1053,1298,Oceaniidae,3,131
1054,1255,Cliidae,3,131
1055,1297,Laonidae,2,130
1056,1307,Dactylopusiidae,2,129
1057,1313,Oscarellidae,2,128
1058,1269,Trissocyclidae,2,128
1059,1277,Pterocorythidae,2,126
1060,1337,Hanleyidae,2,125
1061,1244,Dromiidae,3,124
1062,1259,Coryphellidae,2,124
1063,1343,Gadilidae,2,123
1064,1325,Bythocyprididae,2,122
1065,1333,Amphithyridae,2,122
1066,1294,Janolidae,3,121
1067,1322,Malacobdellidae,2,121
1068,1302,Psolidae,2,120
1069,1347,Diascorhynchidae,2,120
1070,1207,Pyloniidae,2,120
1071,1253,Ephippidae,5,120
1072,1356,Diadumenidae,2,119
1073,1204,Tritaxiidae,2,119
1074,1352,Acanthogorgiidae,3,118
1075,1282,Desmosomatidae,2,118
1076,1359,Arenopontiidae,2,118
1077,1330,Skeneopsidae,2,118
1078,1266,Phaennidae,2,118
1079,1320,Walkeriidae,2,116
1080,1360,Evermannellidae,4,116
1081,1258,Monostromataceae,1,116
1082,1295,Epiplocylididae,2,116
1083,1026,Draconematidae,2,116
1084,1350,Haloclavidae,2,115
1085,1275,Euryleptidae,2,114
1086,917,Discamminidae,2,114
1087,1224,Globotextulariidae,2,114
1088,1296,Aschemocellidae,2,114
1089,1368,Timeidae,2,114
1090,1317,Fistulariidae,2,113
1091,1334,Mycalidae,2,112
1092,1314,Discodorididae,2,112
1093,1354,Pseudotachidiidae,2,112
1094,1378,Ovulidae,3,109
1095,1309,Scyllaridae,3,109
1096,1339,Ancorinidae,2,108
1097,1375,Atlantidae,3,108
1098,1401,Prostomatidae,3,105
1099,1105,Zoothamniidae,2,105
1100,1381,Ethusidae,3,104
1101,1396,Paralichthyidae,4,104
1102,1407,Oltmannsiellopsidaceae,1,103
1103,1284,Biedafranciszkinidae,2,102
1104,1362,Heterodiniaceae,1,102
1105,1410,Microstomatidae,3,101
1106,1285,Spongodiscidae,2,101
1107,1318,Grapsidae,3,100
1108,1348,Leptosomatidae,2,100
1109,1002,Ascampbelliellidae,2,100
1110,1377,Hippopodiidae,3,99
1111,1319,Litheliidae,2,98
1112,1403,Cerithiopsidae,3,98
1113,1372,Lamnidae,5,98
1114,1417,Haminoeidae,3,96
1115,1388,Tarvaiidae,2,96
1116,1345,Homotrematidae,2,96
1117,1383,Ulvellaceae,1,95
1118,1429,Derichthyidae,4,93
1119,1393,Plakobranchidae,2,93
1120,1216,Rathkeidae,3,93
1121,1423,Thompsonulidae,2,93
1122,1428,Oneirodidae,3,93
1123,988,Parapontellidae,2,92
1124,1385,Hyalidae,2,92
1125,1431,Psammocyclopinidae,2,92
1126,1422,Barentsiidae,2,90
1127,1435,Peneroplidae,2,90
1128,1366,Rhadinematidae,2,90
1129,1182,Eoglobigerinidae,2,90
1130,1316,Gerreidae,3,88
1131,1433,Normanellidae,2,88
1132,1398,Lopadorrhynchidae,2,88
1133,1412,Stenopodidae,3,87
1134,1449,Archimonocelidae,2,87
1135,1434,Cephalotrichidae,2,87
1136,1395,Enoplidae,2,87
1137,1450,Saccocirridae,2,86
1138,1425,Toxariaceae,1,85
1139,1370,Porpitidae,3,85
1140,1404,Colaconemataceae,1,84
1141,1462,Zosimeidae,2,83
1142,1408,Nummulitidae,2,83
1143,1409,Macrocyprididae,2,83
1144,1389,Ophiopsilidae,2,82
1145,1386,Polycystididae,2,82
1146,1430,Baeriidae,2,82
1147,1439,Rhabditidae,2,80
1148,1468,Actinostolidae,2,79
1149,1437,Tisbidae,2,78
1150,1479,Triphoridae,3,77
1151,1470,Eurypharyngidae,5,76
1152,1497,Opisthoproctidae,3,75
1153,1349,Monstrillidae,2,74
1154,1446,Spumellaria incertae sedis,2,74
1155,1506,Psammorhynchidae,2,72
1156,1459,Lysmatidae,3,71
1157,1447,Cytaeididae,3,71
1158,1137,Bicosoecaceae,2,71
1159,1483,Rissoellidae,3,70
1160,1397,Valvulinidae,2,69
1161,1532,Trocholinidae,4,68
1162,1522,Anoplogastridae,5,68
1163,1500,Coninckiidae,2,68
1164,1457,Diretmidae,3,68
1165,1473,Cribrolinoididae,2,68
1166,1496,Turbinoliidae,3,67
1167,1539,Calycidorididae,3,66
1168,1514,Gempylidae,4,66
1169,1481,Opisthoteuthidae,4,66
1170,1512,Mastoporaceae,1,65
1171,916,Challengeridae,2,64
1172,1549,Notosudidae,4,64
1173,1485,Ichthyolariidae,2,64
1174,1557,Glossiphoniidae,3,63
1175,1530,Typhloscolecidae,2,63
1176,1526,Pontoeciellidae,2,63
1177,1559,Fasciolariidae,3,62
1178,1538,Krohnittidae,3,62
1179,1546,Omalogyridae,3,61
1180,1567,Argestidae,2,61
1181,1126,Heronalleniidae,2,61
1182,1547,Naccariaceae,1,61
1183,1503,Siganidae,3,59
1184,1516,Geryoniidae,3,58
1185,1569,Howellidae,3,58
1186,1510,Holozoidae,2,58
1187,1563,Pomatomidae,5,58
1188,1587,Cyproideidae,2,58
1189,1590,Trachipteridae,5,57
1190,1531,Sphaeronectidae,3,57
1191,1575,Arthrocladiaceae,1,57
1192,1591,Capneidae,2,56
1193,1384,Leptodiscaceae,1,56
1194,1565,Climacospheniaceae,1,56
1195,1586,Anatomidae,2,55
1196,1571,Carinariidae,3,55
1197,1367,Duquepsammiidae,2,55
1198,1599,Tortanidae,2,54
1199,1541,Cyprididae,2,54
1200,1527,Gomphonemataceae,1,54
1201,1528,Scotiellocystoidaceae,1,54
1202,1518,Procerodidae,2,53
1203,1507,Halosauridae,4,53
1204,1595,Hyalocylidae,2,52
1205,1596,Pyrgomatidae,2,52
1206,1456,Eriphiidae,3,52
1207,1525,Zancleidae,3,52
1208,1605,Inachoididae,3,51
1209,1574,Pterotracheidae,3,50
1210,1625,Erpobdellidae,3,49
1211,829,Acanthometridae,2,49
1212,1622,Asterocyclinidae,2,49
1213,1555,Sphyrnidae,5,48
1214,1637,Soritidae,2,48
1215,1644,Nannopodidae,2,47
1216,1642,Corixidae,2,47
1217,1653,Paracytherideidae,2,46
1218,1654,Schizotrichidae,3,46
1219,1629,Halicreatidae,3,46
1220,1628,Ceratiidae,5,46
1221,1519,Calcarinidae,2,45
1222,1665,Colomastigidae,2,45
1223,1608,Hexanchidae,5,44
1224,1661,Clausidiidae,2,44
1225,1643,Acervulinidae,2,44
1226,1523,Areoligeraceae,1,44
1227,1612,Cuninidae,3,44
1228,1600,Priacanthidae,4,43
1229,1635,Alopiidae,5,42
1230,1663,Horaiclavidae,3,42
1231,1421,Textulariopsidae,2,42
1232,1684,Derbesiaceae,1,41
1233,1641,Fosshageniidae,2,41
1234,1618,Protiaridae,3,41
1235,1634,Margelopsidae,3,41
1236,1693,Ariidae,4,40
1237,1686,Murchisonellidae,3,40
1238,1392,Cytheridae,2,40
1239,1655,Magapiidae,3,40
1240,1694,Pulsellidae,2,39
1241,1427,Nematocarcinidae,3,39
1242,1701,Nomeidae,4,38
1243,1630,Tergipedidae,3,38
1244,1672,Orbitolinidae,2,38
1245,1619,Haliclystidae,3,37
1246,1716,Fischerinidae,2,37
1247,1710,Laophontopsidae,2,37
1248,1279,Acipenseridae,4,37
1249,1664,Melanonidae,4,37
1250,1603,Pneumodermatidae,3,36
1251,1676,Sicyoniidae,3,36
1252,1728,Albulidae,4,36
1253,1730,Clathurellidae,3,35
1254,1732,Ethmolaimidae,2,34
1255,1739,Cymatiidae,3,34
1256,1690,Stenocyathidae,3,33
1257,991,Vorticellidae,2,33
1258,1751,Saccopharyngidae,5,33
1259,1394,Ziphiidae,5,33
1260,1757,Mississippinidae,2,33
1261,1753,Polynemidae,4,33
1262,1741,Melicertidae,3,32
1263,1772,Lumbriculidae,2,32
1264,1548,Rotaliidae,2,32
1265,1731,Cepheidae,3,32
1266,1714,Rhinobatidae,4,31
1267,1740,Nullosetigeridae,2,31
1268,1734,Ogcocephalidae,4,31
1269,1783,Hypnomonadaceae,1,30
1270,1737,Cyclopoida incertae sedis,2,30
1271,1770,Cadlinidae,3,29
1272,1791,Galeommatidae,2,29
1273,1802,Lomanotidae,3,28
1274,1648,Acinetidae,2,28
1275,1763,Rataniidae,2,28
1276,1793,Myriopathidae,3,28
1277,1467,Olindiidae,3,28
1278,1766,Anotopteridae,4,27
1279,1817,Ciliopharyngiellidae,2,27
1280,1816,Newtoniellidae,3,27
1281,1711,Coelodendridae,2,27
1282,1729,Arietellidae,2,27
1283,1647,Isididae,3,27
1284,1722,Amphisteginidae,2,26
1285,1810,Saipanettidae,2,26
1286,1697,Cannobotryidae,2,26
1287,1800,Narcinidae,4,26
1288,1823,Fusiturridae,3,26
1289,1822,Alveolinidae,2,26
1290,1775,Albuneidae,3,26
1291,1796,Nausithoidae,3,25
1292,1781,Cassiopeidae,3,25
1293,1828,Tetragonicipitidae,2,25
1294,1312,Acanthochiasmidae,1,25
1295,1717,Kishinouyeidae,3,25
1296,1798,Leucotheidae,3,24
1297,1815,Trichydridae,3,24
1298,1786,Peraclidae,2,24
1299,1585,Sacculinidae,2,24
1300,1851,Scopelarchidae,3,24
1301,1380,Laodiceidae,3,24
1302,1715,Amphiporidae,2,23
1303,1602,Stromateidae,4,23
1304,1825,Coleofasciculaceae,1,23
1305,1799,Pocilloporidae,3,23
1306,1771,Ellobiidae,2,23
1307,1857,Clausiidae,2,23
1308,1795,Cestidae,3,23
1309,1866,Cystiscidae,3,22
1310,1834,Cirrholoveniidae,3,22
1311,1803,Sphaerocorynidae,3,22
1312,1804,Moerisiidae,3,22
1313,1807,Forskaliidae,3,22
1314,1844,Caristiidae,4,22
1315,1838,Carpocaniidae,2,21
1316,1883,Darcythompsoniidae,2,21
1317,1821,Gnathorhynchidae,2,21
1318,1849,Proboscidactylidae,3,20
1319,1897,Pristigasteridae,4,20
1320,1680,Medusettidae,2,20
1321,1589,Flabellidae,3,20
1322,1871,Biemnidae,2,20
1323,1860,Boreohydridae,3,20
1324,1859,Niobiidae,3,20
1325,1853,Coccodiscidae,2,20
1326,1373,Nouriidae,2,20
1327,1910,Sphaeramminidae,2,20
1328,1921,Cyematidae,5,19
1329,1650,Aulacanthidae,2,19
1330,1886,Drilliidae,3,19
1331,1677,Teredinidae,2,19
1332,1830,Schizymeniaceae,1,19
1333,1829,Melanocetidae,3,19
1334,1743,Lepadidae,2,19
1335,1842,Porcellidiidae,2,18
1336,1932,Rondeletiidae,3,18
1337,1925,Lauratonematidae,2,18
1338,1906,Borsoniidae,3,18
1339,1952,Karkinorhynchidae,2,17
1340,1944,Rhizoridae,2,17
1341,1951,Cetomimidae,4,17
1342,1949,Tegastidae,2,16
1343,1968,Oedogoniaceae,1,16
1344,1969,Discocyclinidae,2,16
1345,1954,Chrysogorgiidae,3,16
1346,1831,Aegiridae,3,16
1347,1461,Centropomidae,4,16
1348,1981,Cytherettidae,2,15
1349,1972,Bolbocoleonaceae,1,15
1350,1947,Marginellidae,3,15
1351,1961,Omosudidae,4,15
1352,1903,Runcinidae,2,15
1353,2000,Ringiculidae,3,14
1354,1964,Victoriellidae,2,13
1355,2019,Phyllodicolidae,2,13
1356,2035,Himantolophidae,3,12
1357,2043,Elopidae,4,12
1358,2036,Ephydridae,2,12
1359,2025,Remaneicidae,2,12
1360,2033,Charoniidae,3,12
1361,2032,Desmopteridae,3,12
1362,2049,Paravalvulinidae,2,11
1363,2031,Asterocheridae,2,11
1364,2048,Lampridae,5,11
1365,2047,Recurvirostridae,5,11
1366,1032,Schackoinidae,2,11
1367,2076,Harpacticoida incertae sedis,2,10
1368,2124,Onchidiidae,2,9
1369,2115,Characiaceae,1,9
1370,2097,Linophrynidae,3,9
1371,1995,Eratoidae,3,8
1372,1938,Conorboididae,2,8
1373,2118,Cratenemertidae,2,8
1374,2112,Tetragonuridae,4,8
1375,2175,Halammohydridae,3,7
1376,2176,Leptochilichthyidae,3,7
1377,2183,Scissurellidae,2,7
1378,2168,Architectonicidae,3,7
1379,2027,Schizopathidae,3,7
1380,2227,Nannorhynchididae,2,6
1381,1826,Pterosagittidae,3,6
1382,2214,Clavatulidae,3,6
1383,2226,Tornatinidae,2,6
1384,2152,Miogypsinidae,2,6
1385,2125,Scombrolabracidae,3,6
1386,2234,Pristidae,5,6
1387,2228,Rachycentridae,4,6
1388,2222,Plectorecurvoididae,2,6
1389,2303,Terebridae,3,5
1390,2289,Alepisauridae,4,5
1391,2278,Entophysalidaceae,1,5
1392,2264,Aphanipathidae,3,5
1393,2295,Vitrinellidae,2,5
1394,1788,Gayraliaceae,1,5
1395,2042,Haplophragmiidae,2,5
1396,1882,Lepidocyclinidae,2,5
1397,2127,Placentulinidae,2,4
1398,2059,Hamondiidae,2,4
1399,2352,Truncatellidae,2,4
1400,1958,Cymonomidae,3,4
1401,2268,Gigantactinidae,3,4
1402,2436,Boldiaceae,1,3
1403,2422,Planaxidae,2,3
1404,2398,Lacosteinidae,2,3
1405,1847,Tribonemataceae,1,3
1406,2293,Schmiziellaceae,1,3
1407,1584,Protohydridae,3,3
1408,2235,Seguenziidae,2,3
1409,1957,Deltocyathidae,2,3
1410,2204,Batillipedidae,2,3
1411,2435,Discoidae,2,3
1412,2447,Granulinidae,3,3
1413,2568,Pseudodiaptomidae,2,2
1414,2566,Heleninidae,2,2
1415,2533,Giganturidae,5,2
1416,2574,Lysiosquillidae,2,2
1417,2519,Coskinolinidae,2,2
1418,2504,Diplogastridae,2,2
1419,2476,Stipitococcaceae,1,2
1420,2584,Gomontiaceae,1,2
1421,2131,Petrospongiaceae,1,2
1422,2386,Capsosiphonaceae,1,2
1423,1862,Emplectonematidae,2,2
1424,2101,Turbanellidae,2,2
1425,2779,Vanikoridae,2,1
1426,2753,Psammocytheridae,2,1
1427,2746,Bolinidae,3,1
1428,2729,Radiicephalidae,4,1
1429,2690,Cephalodasyidae,2,1
1430,2675,Neoceratiidae,3,1
1431,2660,Liotiidae,2,1
1432,2654,Gibberichthyidae,3,1
1433,2642,Pellatispiridae,2,1
1434,2613,Clistosaccidae,2,1
1435,2145,Entoniscidae,2,1
1436,2607,Haplopharyngidae,2,1
1437,2604,Pseudolividae,3,1
1438,2014,Hemioniscidae,2,1
1439,2806,Globuligerinidae,2,1
1440,2544,Xylophagaidae,2,1
1441,2346,Acratiidae,2,1
1442,2357,Placopsilinidae,2,1
1443,2385,Macrodasyidae,2,1
1444,2635,Cordagalmatidae,3,1
1445,2808,Schizocyathidae,3,1
